MDE ID,County,Name,City,10/02/21,10/16/21,10/30/21,11/13/21
0001-01-001,Aitkin,Aitkin Secondary School,Aitkin,5-9,10-19,0-4,0-4
0001-01-002,Aitkin,Rippleside Elementary,Aitkin,0-4,5-9,0-4,0-4
0011-01-400,Anoka,Adams Elementary,Coon Rapids,5-9,0-4,0-4,0-4
0011-01-426,Anoka,Andover Elementary,Andover,10-19,5-9,0-4,0-4
0011-01-094,Anoka,Andover High School,Andover,10-19,10-19,5-9,0-4
0011-01-001,Anoka,Anoka High School,Anoka,10-19,10-19,5-9,0-4
0011-01-003,Anoka,Anoka Middle School for the Arts,Anoka,20-29,10-19,0-4,0-4
0016-31-004,Anoka,Avail Academy (Blaine K-8 Campus),Blaine,10-19,0-4,0-4,0-4
0011-01-091,Anoka,Blaine High School,Blaine,10-19,20-29,5-9,0-4
0012-01-515,Anoka,Blue Heron Elementary,Lino Lakes,10-19,5-9,0-4,0-4
0011-01-432,Anoka,Brookside Elementary,Ramsey,5-9,0-4,0-4,0-4
0015-01-784,Anoka,Cedar Creek Elementary School,Cedar,5-9,10-19,0-4,0-4
0012-01-510,Anoka,Centennial Elementary,Circle Pines,5-9,5-9,0-4,0-4
0012-01-164,Anoka,Centennial High School,Circle Pines,10-19,10-19,0-4,0-4
0012-01-166,Anoka,Centennial Middle,Lino Lakes,20-29,10-19,5-9,0-4
0016-01-776,Anoka,Centerview Elementary,Blaine,5-9,0-4,0-4,0-4
0012-01-511,Anoka,Centerville Elementary,Centerville,5-9,5-9,0-4,0-4
0011-01-002,Anoka,Coon Rapids High School,Coon Rapids,10-19,0-4,0-4,0-4
0011-01-004,Anoka,Coon Rapids Middle School,Coon Rapids,5-9,5-9,0-4,0-4
4185-07-010,Anoka,DaVinci Academy,Ham Lake,5-9,0-4,5-9,0-4
0015-01-848,Anoka,East Bethel Elementary School,Cedar,0-4,10-19,0-4,0-4
0011-01-422,Anoka,Eisenhower Elementary,Coon Rapids,5-9,0-4,0-4,0-4
0014-01-023,Anoka,Fridley Middle,Fridley,10-19,10-19,5-9,0-4
0014-01-022,Anoka,Fridley Senior High,Fridley,10-19,5-9,0-4,0-4
0012-01-512,Anoka,Golden Lake Elementary,Circle Pines,0-4,0-4,5-9,5-9
0011-01-405,Anoka,Hoover Elementary,Coon Rapids,0-4,5-9,0-4,0-4
0011-01-406,Anoka,Jefferson Elementary,Blaine,0-4,5-9,0-4,0-4
0011-01-407,Anoka,Johnsville Elementary,Blaine,5-9,0-4,0-4,0-4
0011-31-014,Anoka,Legacy Christian Academy,Andover,10-19,10-19,0-4,0-4
0011-01-090,Anoka,Northdale Middle,Coon Rapids,20-29,5-9,0-4,0-4
0016-01-772,Anoka,Northpoint Elementary,Blaine,5-9,5-9,0-4,0-4
0011-01-193,Anoka,Oak View Middle,Andover,0-4,5-9,0-4,0-4
4008-07-010,Anoka,PACT Charter School,Ramsey,10-19,0-4,0-4,0-4
0016-01-775,Anoka,Park Terrace Elementary,Spring Lake Park,5-9,0-4,0-4,0-4
0012-01-513,Anoka,Rice Lake Elementary,Lino Lakes,10-19,0-4,5-9,5-9
0011-01-195,Anoka,Roosevelt Middle,Blaine,5-9,0-4,0-4,0-4
0011-01-427,Anoka,Rum River Elementary,Andover,0-4,0-4,5-9,0-4
0016-01-045,Anoka,Spring Lake Park Senior High,Spring Lake Park,5-9,5-9,0-4,0-4
0015-01-782,Anoka,St. Francis Elementary,Saint Francis,0-4,5-9,0-4,0-4
0015-01-122,Anoka,St. Francis High,Saint Francis,40-49,20-29,0-4,0-4
0015-01-123,Anoka,St. Francis Middle,Saint Francis,20-29,5-9,0-4,0-4
0014-01-550,Anoka,Stevenson Elementary,Fridley,5-9,5-9,0-4,0-4
0011-01-431,Anoka,Sunrise Elementary,Blaine,5-9,0-4,0-4,0-4
0011-01-418,Anoka,University Elementary,Blaine,10-19,0-4,0-4,0-4
0016-01-092,Anoka,Westwood Intermediate and Middle School,Blaine,10-19,0-4,0-4,0-4
0023-01-010,Becker,Frazee Elementary,Frazee,10-19,0-4,0-4,0-4
0023-01-020,Becker,Frazee Secondary,Frazee,5-9,0-4,0-4,0-4
2889-01-020,Becker,Lake Park Audubon Secondary,Lake Park,5-9,0-4,0-4,0-4
0022-01-060,Becker,Roosevelt Elementary,Detroit Lakes,0-4,0-4,0-4,5-9
0031-01-015,Beltrami,Bemidji Middle,Bemidji,0-4,0-4,0-4,5-9
0031-01-020,Beltrami,Bemidji Senior High,Bemidji,5-9,0-4,0-4,0-4
0031-01-011,Beltrami,Gene Dillon Elementary School,Bemidji,5-9,0-4,0-4,0-4
0038-01-010,Beltrami,Red Lake Elementary,Red Lake,0-4,0-4,0-4,5-9
4058-07-010,Beltrami,Schoolcraft Learning Community Chtr,Bemidji,10-19,5-9,0-4,0-4
4107-07-010,Beltrami,Voyageurs Expeditionary School,Bemidji,0-4,0-4,10-19,5-9
0051-01-030,Benton,Foley Intermediate Elementary,Foley,5-9,0-4,0-4,0-4
0047-01-003,Benton,Mississippi Heights Elementary,Sauk Rapids,10-19,10-19,10-19,5-9
0047-01-007,Benton,Pleasant View Elementary,Sauk Rapids,20-29,10-19,0-4,0-4
0748-01-090,Benton,Riverview Intermediate School,Sartell,5-9,10-19,0-4,0-4
0047-01-009,Benton,Sauk Rapids-Rice Middle School,Sauk Rapids,60-69,20-29,0-4,0-4
0047-01-001,Benton,Sauk Rapids-Rice Senior High,Sauk Rapids,10-19,10-19,0-4,0-4
2903-01-010,Big Stone,Knoll Elementary,Ortonville,5-9,0-4,0-4,0-4
4066-07-010,Blue Earth,Kato Public Charter School,Mankato,5-9,0-4,0-4,0-4
0077-01-160,Blue Earth,Mankato East Senior High,Mankato,5-9,5-9,0-4,0-4
0077-01-200,Blue Earth,Prairie Winds Middle School,Mankato,0-4,0-4,10-19,5-9
0077-01-050,Blue Earth,Roosevelt Elementary,Mankato,0-4,0-4,0-4,5-9
0075-01-010,Blue Earth,St. Clair Elementary,Saint Clair,0-4,5-9,0-4,0-4
0077-01-080,Blue Earth,Washington Elementary,Mankato,0-4,5-9,0-4,0-4
0088-01-020,Brown,Jefferson Elementary,New Ulm,10-19,10-19,5-9,0-4
0088-31-007,Brown,New Ulm Area Catholic Schools,New Ulm,0-4,0-4,10-19,10-19
0088-01-050,Brown,New Ulm High School,New Ulm,0-4,10-19,0-4,0-4
0088-01-040,Brown,New Ulm Middle School,New Ulm,5-9,10-19,5-9,5-9
0084-01-010,Brown,Sleepy Eye Elementary,Sleepy Eye,0-4,5-9,0-4,0-4
0085-01-004,Brown,Springfield Public Schools ESY,Springfield,5-9,0-4,0-4,0-4
0085-01-001,Brown,Springfield Secondary,Springfield,5-9,0-4,0-4,0-4
0091-01-001,Carlton,Barnum Elementary,Barnum,5-9,0-4,0-4,0-4
0091-01-002,Carlton,Barnum Secondary,Barnum,5-9,0-4,0-4,0-4
0094-01-201,Carlton,Cloquet Middle,Cloquet,0-4,5-9,0-4,0-4
0099-01-001,Carlton,Lincoln Secondary,Esko,5-9,0-4,0-4,0-4
0099-01-030,Carlton,Winterquist Elementary,Esko,5-9,5-9,0-4,0-4
0110-01-120,Carver,Bayview Elementary,Waconia,0-4,5-9,0-4,0-4
0112-01-510,Carver,Bluff Creek Elementary,Chanhassen,0-4,0-4,0-4,5-9
0112-01-504,Carver,Carver Elementary School,Carver,0-4,0-4,5-9,10-19
0108-01-040,Carver,Central Elementary,Norwood Young America,5-9,0-4,0-4,0-4
0108-01-020,Carver,Central Senior High,Norwood Young America,5-9,0-4,0-4,0-4
0112-01-506,Carver,Chanhassen Elementary,Chanhassen,5-9,0-4,0-4,0-4
0112-31-020,Carver,Chapel Hill Academy,Chanhassen,0-4,0-4,5-9,0-4
0112-01-060,Carver,Chaska High School,Chaska,0-4,5-9,0-4,5-9
0112-01-062,Carver,Chaska Middle School West,Chaska,0-4,10-19,5-9,5-9
0112-01-511,Carver,Clover Ridge Elementary,Chaska,0-4,0-4,0-4,5-9
4188-07-010,Carver,Cologne Academy,Cologne,0-4,0-4,5-9,20-29
0110-01-130,Carver,Laketown Elementary,Waconia,0-4,0-4,5-9,10-19
0111-31-007,Carver,Mayer Lutheran High School,Mayer,0-4,0-4,5-9,0-4
0276-01-175,Carver,Minnetonka West Middle,Excelsior,0-4,5-9,0-4,0-4
0112-01-063,Carver,Pioneer Ridge Middle School,Chaska,5-9,10-19,5-9,5-9
0110-01-110,Carver,Southview Elementary,Waconia,0-4,5-9,0-4,0-4
0112-31-117,Carver,Southwest Christian High School,Chaska,0-4,5-9,0-4,0-4
0112-31-003,Carver,St. Hubert Catholic School,Chanhassen,0-4,0-4,10-19,5-9
0112-01-512,Carver,Victoria Elementary,Victoria,0-4,0-4,0-4,5-9
0110-01-310,Carver,Waconia High School,Waconia,5-9,5-9,0-4,5-9
0110-01-220,Carver,Waconia Middle School,Waconia,10-19,10-19,5-9,0-4
0111-01-842,Carver,Watertown Mayer High,Watertown,10-19,5-9,0-4,0-4
0111-01-839,Carver,Watertown-Mayer Elementary School,Watertown,5-9,5-9,5-9,5-9
0111-01-841,Carver,Watertown-Mayer Middle,Watertown,5-9,5-9,0-4,0-4
0115-01-010,Cass,Cass Lake-Bena Elementary,Cass Lake,5-9,5-9,0-4,0-4
0116-01-010,Cass,Pillager Elementary,Pillager,10-19,5-9,5-9,0-4
0116-01-040,Cass,Pillager Middle School,Pillager,10-19,5-9,0-4,0-4
0116-01-020,Cass,Pillager Senior High School,Pillager,10-19,5-9,0-4,0-4
2174-01-010,Cass,Pine River-Backus Elementary,Pine River,10-19,5-9,0-4,0-4
2174-01-020,Cass,Pine River-Backus High School,Pine River,5-9,0-4,0-4,0-4
0113-01-010,Cass,W.H.A. Elementary,Walker,5-9,0-4,0-4,0-4
0113-01-020,Cass,Walker-Hackensack-Akeley Sec.,Walker,5-9,0-4,0-4,0-4
2180-01-020,Chippewa,MACCRAY Senior High,Clara City,0-4,5-9,0-4,0-4
2180-01-002,Chippewa,MACCRAY West Elementary,Maynard,5-9,5-9,0-4,0-4
0129-01-030,Chippewa,Montevideo Middle,Montevideo,5-9,0-4,0-4,0-4
0129-01-040,Chippewa,Montevideo Senior High,Montevideo,0-4,5-9,0-4,0-4
0139-01-010,Chisago,C.E. Jacobson Elementary,Rush City,0-4,10-19,0-4,0-4
2144-01-001,Chisago,Chisago Lakes El.,Chisago City,0-4,5-9,0-4,0-4
2144-01-003,Chisago,Chisago Lakes Middle,Lindstrom,10-19,0-4,0-4,0-4
2144-01-004,Chisago,Chisago Lakes Senior High,Lindstrom,0-4,5-9,0-4,0-4
2144-01-002,Chisago,Lakeside El.,Chisago City,0-4,5-9,0-4,0-4
0138-01-020,Chisago,North Branch Middle,North Branch,20-29,5-9,0-4,0-4
0138-01-030,Chisago,North Branch Senior High,North Branch,10-19,5-9,0-4,0-4
0139-01-020,Chisago,Rush City Secondary,Rush City,5-9,0-4,0-4,0-4
0138-01-045,Chisago,Sunrise River Elementary,North Branch,10-19,5-9,0-4,0-4
2144-01-006,Chisago,Taylors Falls Elementary,Taylors Falls,10-19,0-4,0-4,0-4
0146-01-010,Clay,Barnesville Elementary,Barnesville,5-9,5-9,0-4,0-4
2164-01-001,Clay,Dilworth Elementary,Dilworth,5-9,5-9,5-9,5-9
2164-01-003,Clay,Dilworth-Glyndon-Felton Middle Sch,Dilworth,5-9,0-4,0-4,5-9
2164-01-004,Clay,Dilworth-Glyndon-Felton Senior High,Glyndon,0-4,5-9,0-4,0-4
0152-01-380,Clay,Horizon Middle School,Moorhead,10-19,10-19,0-4,0-4
0152-01-382,Clay,Moorhead High School,Moorhead,5-9,5-9,0-4,0-4
0152-31-001,Clay,Park Christian,Moorhead,5-9,0-4,0-4,0-4
0152-01-187,Clay,Robert Asp Elementary,Moorhead,5-9,0-4,0-4,0-4
0162-01-010,Clearwater,Bagley Elementary,Bagley,30-39,5-9,0-4,0-4
0162-01-020,Clearwater,Bagley Secondary,Bagley,30-39,5-9,0-4,0-4
2311-01-010,Clearwater,Clearbrook-Gonvick Elementary,Clearbrook,5-9,0-4,0-4,0-4
0173-01-010,Cottonwood,Mountain Lake Elementary,Mountain Lake,0-4,5-9,0-4,0-4
0181-01-004,Crow Wing,Baxter Elementary,Baxter,5-9,0-4,0-4,0-4
0181-01-014,Crow Wing,Brainerd Senior High,Brainerd,10-19,0-4,0-4,0-4
0182-01-006,Crow Wing,Cuyuna Range Elementary,Crosby,10-19,0-4,0-4,0-4
0186-01-010,Crow Wing,Eagle View Elementary,Breezy Point,10-19,0-4,0-4,0-4
0181-01-022,Crow Wing,Forestview Middle,Baxter,20-29,10-19,10-19,5-9
0186-01-015,Crow Wing,Pequot Lakes Middle,Pequot Lakes,5-9,0-4,0-4,0-4
0186-01-020,Crow Wing,Pequot Lakes Senior High,Pequot Lakes,10-19,0-4,0-4,0-4
0192-01-621,Dakota,Akin Road Elementary,Farmington,0-4,5-9,0-4,0-4
0191-01-014,Dakota,Burnsville High School,Burnsville,10-19,5-9,0-4,0-4
0196-01-712,Dakota,Cedar Park Elementary School,Apple Valley,5-9,0-4,0-4,5-9
0194-01-105,Dakota,Century Middle School,Lakeville,5-9,5-9,0-4,0-4
0194-01-596,Dakota,Cherry View Elementary,Lakeville,5-9,5-9,0-4,0-4
0196-01-100,Dakota,Dakota Ridge School,Apple Valley,0-4,5-9,0-4,0-4
0196-01-710,Dakota,Diamond Path Elementary School of International Studies,Apple Valley,0-4,0-4,5-9,0-4
0196-01-041,Dakota,Eagan Senior High,Eagan,5-9,0-4,0-4,0-4
0196-01-721,Dakota,East Lake Elementary School,Lakeville,5-9,0-4,0-4,0-4
0194-01-598,Dakota,Eastview Elementary,Lakeville,0-4,5-9,0-4,0-4
0196-01-714,Dakota,Echo Park Elementary School,Burnsville,5-9,5-9,0-4,0-4
0196-31-004,Dakota,Faithful Shepherd Catholic,Eagan,0-4,5-9,0-4,0-4
0192-01-020,Dakota,Farmington High School,Farmington,10-19,5-9,0-4,0-4
0200-01-129,Dakota,Hastings High School,Hastings,0-4,10-19,0-4,0-4
0200-01-130,Dakota,Hastings Middle School,Hastings,10-19,5-9,0-4,5-9
0197-01-054,Dakota,Heritage E-STEM Magnet School,West Saint Paul,0-4,5-9,0-4,0-4
0196-01-715,Dakota,Highland Elementary,Apple Valley,5-9,0-4,0-4,0-4
0194-01-592,Dakota,Huddleston Elementary,Lakeville,0-4,5-9,0-4,0-4
0194-01-104,Dakota,Kenwood Trail Middle School,Lakeville,5-9,5-9,0-4,0-4
0194-01-595,Dakota,Lake Marion Elementary,Lakeville,0-4,20-29,0-4,0-4
0194-01-028,Dakota,Lakeville North High,Lakeville,10-19,5-9,0-4,0-4
0194-01-040,Dakota,Lakeville South High,Lakeville,20-29,30-39,5-9,0-4
0192-01-030,Dakota,Levi P. Dodge Middle School,Farmington,5-9,5-9,0-4,0-4
0006-03-735,Dakota,Lincoln Center Elementary,South Saint Paul,10-19,5-9,0-4,0-4
0197-01-815,Dakota,Moreland Art/Health Science Magnet,West Saint Paul,0-4,5-9,0-4,0-4
0194-01-599,Dakota,Oak Hills Elementary,Lakeville,0-4,5-9,0-4,0-4
0194-01-593,Dakota,Orchard Lake Elementary,Lakeville,5-9,0-4,0-4,0-4
0196-01-709,Dakota,Parkview Elementary,Rosemount,5-9,0-4,5-9,5-9
0200-01-610,Dakota,Pinecrest Elementary,Hastings,0-4,10-19,0-4,0-4
0196-01-718,Dakota,Pinewood El.,Eagan,0-4,5-9,0-4,0-4
0196-01-765,Dakota,Red Pine Elementary,Eagan,0-4,5-9,0-4,0-4
0192-01-100,Dakota,Riverview Elementary,Farmington,0-4,5-9,0-4,0-4
0196-01-039,Dakota,Rosemount Middle,Rosemount,5-9,0-4,0-4,0-4
0196-01-093,Dakota,Scott Highlands Middle,Apple Valley,5-9,0-4,0-4,0-4
0197-01-819,Dakota,Somerset Elementary,Mendota Heights,5-9,5-9,0-4,0-4
0196-01-708,Dakota,Southview Elementary,Apple Valley,0-4,0-4,5-9,0-4
0196-31-007,Dakota,St. Joseph's Catholic,Rosemount,10-19,10-19,0-4,0-4
0196-01-713,Dakota,Thomas Lake Elementary,Eagan,0-4,0-4,0-4,5-9
0196-01-098,Dakota,Valley Middle,Apple Valley,5-9,10-19,5-9,0-4
0196-01-717,Dakota,Woodland Elementary,Eagan,10-19,5-9,0-4,0-4
0204-01-040,Dodge,Kasson-Mantorville Middle School,Kasson,0-4,0-4,0-4,5-9
0204-01-030,Dodge,Kasson-Mantorville Senior High,Kasson,5-9,0-4,0-4,0-4
0206-01-320,Douglas,Alexandria Area High School,Alexandria,10-19,5-9,5-9,0-4
0206-01-310,Douglas,Discovery Middle School,Alexandria,10-19,5-9,0-4,0-4
0206-01-130,Douglas,Lincoln Elementary,Alexandria,0-4,5-9,0-4,0-4
0213-01-010,Douglas,Osakis Elementary,Osakis,5-9,0-4,0-4,0-4
0213-01-020,Douglas,Osakis Secondary,Osakis,5-9,0-4,0-4,0-4
2860-01-010,Faribault,Blue Earth Area Elementary,Blue Earth,5-9,5-9,0-4,0-4
2860-01-023,Faribault,Blue Earth Area Middle,Blue Earth,5-9,0-4,0-4,0-4
2860-01-020,Faribault,Blue Earth Area Secondary,Blue Earth,30-39,10-19,0-4,0-4
2134-01-020,Faribault,United South Central High School,Wells,0-4,5-9,0-4,0-4
2198-01-010,Fillmore,Fillmore Central Elementary,Preston,0-4,5-9,5-9,0-4
2198-01-456,Fillmore,Fillmore Central Senior High,Harmony,0-4,10-19,5-9,0-4
2137-01-015,Fillmore,Kingsland Elementary School,Spring Valley,5-9,5-9,5-9,0-4
2137-01-025,Fillmore,Kingsland Junior & Senior High School,Spring Valley,0-4,10-19,0-4,0-4
0229-01-010,Fillmore,Lanesboro Elementary,Lanesboro,0-4,0-4,5-9,0-4
0239-01-001,Fillmore,Rushford-Peterson Elementary,Rushford,0-4,5-9,0-4,0-4
0241-01-310,Freeborn,Albert Lea Senior High,Albert Lea,5-9,5-9,0-4,0-4
0242-01-001,Freeborn,Alden-Conger Secondary,Alden,10-19,0-4,0-4,0-4
0241-01-130,Freeborn,Lakeview Elementary,Albert Lea,5-9,0-4,0-4,0-4
0241-01-320,Freeborn,Southwest Middle,Albert Lea,0-4,5-9,0-4,0-4
0252-01-001,Goodhue,Cannon Falls Elementary,Cannon Falls,0-4,0-4,0-4,5-9
0252-01-002,Goodhue,Cannon Falls Secondary,Cannon Falls,0-4,10-19,0-4,5-9
0255-01-010,Goodhue,Pine Island Elementary,Pine Island,0-4,5-9,10-19,10-19
0255-01-050,Goodhue,Pine Island High School ALP,PINE ISLAND,0-4,5-9,0-4,0-4
0255-01-015,Goodhue,Pine Island Middle,Pine Island,0-4,10-19,5-9,0-4
0256-01-108,Goodhue,Red Wing Senior High,Red Wing,0-4,0-4,5-9,5-9
0256-01-109,Goodhue,Twin Bluff School,Red Wing,0-4,0-4,5-9,0-4
2805-01-030,Goodhue,Zumbrota-Mazeppa Primary School,Zumbrota,0-4,10-19,0-4,0-4
4220-07-010,Hennepin,Agamim Classical Academy,Edina,0-4,5-9,0-4,0-4
0001-33-011,Hennepin,Annunciation,Minneapolis,5-9,0-4,5-9,5-9
0001-03-300,Hennepin,Anthony Middle School,Minneapolis,10-19,5-9,0-4,0-4
0283-01-745,Hennepin,Aquila Elementary,Saint Louis Park,0-4,0-4,5-9,0-4
0279-31-007,Hennepin,Ave Maria Academy,Maple Grove,5-9,5-9,0-4,0-4
0001-03-105,Hennepin,Bancroft Elementary,Minneapolis,0-4,0-4,0-4,5-9
0001-03-106,Hennepin,Barton Open Elementary,Minneapolis,10-19,0-4,0-4,0-4
0279-01-670,Hennepin,Basswood Elementary,Maple Grove,0-4,0-4,5-9,5-9
4124-07-010,Hennepin,Beacon Academy,Crystal,5-9,0-4,0-4,0-4
0001-03-107,Hennepin,Bethune Elementary,Minneapolis,0-4,0-4,0-4,5-9
0279-01-671,Hennepin,Birch Grove School For The Arts,Brooklyn Park,0-4,0-4,0-4,10-19
0271-31-021,Hennepin,Bloomington Lutheran,Bloomington,5-9,0-4,0-4,0-4
0270-31-003,Hennepin,Breck,Golden Valley,0-4,0-4,5-9,0-4
0279-01-033,Hennepin,Brooklyn Middle School,Brooklyn Park,5-9,0-4,0-4,0-4
0001-03-110,Hennepin,Burroughs Elementary,Minneapolis,0-4,5-9,0-4,0-4
0272-01-065,Hennepin,Central Middle School,Eden Prairie,10-19,5-9,5-9,5-9
0011-01-192,Hennepin,Champlin Park High School,Champlin,10-19,5-9,5-9,0-4
0276-01-601,Hennepin,Clear Springs Elementary,Minnetonka,5-9,0-4,0-4,0-4
0273-01-526,Hennepin,Concord Elementary,Edina,10-19,0-4,0-4,0-4
0273-01-532,Hennepin,Creek Valley Elementary,Edina,0-4,10-19,0-4,0-4
0011-01-424,Hennepin,Dayton Elementary,Dayton,10-19,0-4,0-4,0-4
0276-01-602,Hennepin,Deephaven Elementary,Wayzata,0-4,0-4,0-4,5-9
0001-03-180,Hennepin,Dowling Elementary,Minneapolis,5-9,0-4,0-4,0-4
0272-01-886,Hennepin,Eagle Heights Spanish Immersion,Eden Prairie,5-9,10-19,0-4,0-4
4122-07-010,Hennepin,Eagle Ridge Academy Charter School,Minnetonka,0-4,10-19,0-4,0-4
4122-07-020,Hennepin,Eagle Ridge Academy Lower School,Minnetonka,0-4,10-19,5-9,0-4
0286-01-480,Hennepin,Earle Brown Elementary,Brooklyn Center,10-19,0-4,0-4,0-4
0272-01-883,Hennepin,Eden Lake Elementary,Eden Prairie,5-9,0-4,0-4,0-4
0272-01-064,Hennepin,Eden Prairie Senior High,Eden Prairie,0-4,5-9,5-9,0-4
0273-01-021,Hennepin,Edina Senior High,Edina,0-4,5-9,0-4,0-4
0001-03-352,Hennepin,Edison Senior High,Minneapolis,5-9,0-4,0-4,0-4
0276-01-603,Hennepin,Excelsior Elementary,Excelsior,0-4,0-4,0-4,5-9
0279-01-689,Hennepin,Fernbrook Elementary,Maple Grove,5-9,0-4,5-9,0-4
0001-03-119,Hennepin,Field Community,Minneapolis,0-4,0-4,0-4,5-9
0272-01-882,Hennepin,Forest Hills Elementary,Eden Prairie,0-4,0-4,5-9,0-4
0270-01-563,Hennepin,Glen Lake Elementary,Minnetonka,5-9,5-9,0-4,0-4
0277-01-063,Hennepin,Grandview Middle School,Mound,10-19,5-9,0-4,0-4
0001-03-256,Hennepin,Green Central Park Elementary,Minneapolis,0-4,0-4,0-4,0-4
0284-01-806,Hennepin,Greenwood Elementary,Plymouth,0-4,5-9,0-4,0-4
0276-01-604,Hennepin,Groveland Elementary,Minnetonka,0-4,0-4,0-4,5-9
0728-01-160,Hennepin,Hassan Elementary,Rogers,0-4,5-9,0-4,5-9
0277-01-616,Hennepin,Hilltop Primary School,Minnetrista,5-9,0-4,0-4,0-4
0283-31-015,Hennepin,Holy Family Academy,Saint Louis Park,10-19,0-4,0-4,0-4
0278-31-001,Hennepin,Holy Name of Jesus,Wayzata,0-4,0-4,5-9,0-4
0001-33-894,Hennepin,Hope Academy,Minneapolis,5-9,0-4,0-4,0-4
0270-01-282,Hennepin,Hopkins Senior High,Minnetonka,0-4,0-4,0-4,5-9
4167-07-010,Hennepin,International Spanish Language Academy,Minnetonka,0-4,5-9,5-9,0-4
0011-01-006,Hennepin,Jackson Middle,Champlin,10-19,0-4,5-9,0-4
0001-03-323,Hennepin,Justice Page Middle School,Minneapolis,0-4,5-9,0-4,0-4
0271-01-007,Hennepin,Kennedy Senior High,Bloomington,0-4,5-9,0-4,0-4
0001-03-135,Hennepin,Kenny Elementary,Minneapolis,5-9,0-4,0-4,0-4
0001-03-136,Hennepin,Kenwood Elementary,Minneapolis,5-9,0-4,0-4,0-4
0001-33-017,Hennepin,Lake Country School,Minneapolis,0-4,0-4,0-4,5-9
0001-03-121,Hennepin,Lake Harriet Upper School,Minneapolis,0-4,0-4,0-4,5-9
0279-01-094,Hennepin,Maple Grove Middle School,Maple Grove,5-9,5-9,0-4,0-4
0279-01-090,Hennepin,Maple Grove Senior High,Maple Grove,5-9,0-4,0-4,0-4
0284-01-803,Hennepin,Meadow Ridge Elementary School,Plymouth,5-9,0-4,0-4,0-4
0270-01-570,Hennepin,Meadowbrook Elementary,Golden Valley,0-4,0-4,0-4,5-9
4230-07-010,Hennepin,Minnesota Excellence in Learning Academy,Maple Grove,0-4,5-9,0-4,0-4
0270-31-008,Hennepin,Minnetonka Christian Academy,Minnetonka,0-4,5-9,0-4,0-4
0276-01-075,Hennepin,Minnetonka East Middle,Minnetonka,0-4,5-9,0-4,0-4
0276-01-074,Hennepin,Minnetonka Senior High,Minnetonka,10-19,5-9,0-4,0-4
0276-01-605,Hennepin,Minnewashta Elementary,Excelsior,0-4,5-9,0-4,5-9
0011-01-413,Hennepin,Monroe Elementary,Brooklyn Park,0-4,0-4,5-9,0-4
0277-01-062,Hennepin,Mound Westonka High School,Minnetrista,5-9,0-4,0-4,0-4
0271-01-450,Hennepin,Normandale Hills Elementary,Bloomington,0-4,5-9,0-4,0-4
0001-03-375,Hennepin,North Academy Senior High,Minneapolis,5-9,0-4,0-4,0-4
0284-01-802,Hennepin,North Woods Elementary School,Plymouth,0-4,5-9,5-9,5-9
0272-01-880,Hennepin,Oak Point Elementary,Eden Prairie,5-9,10-19,0-4,0-4
0271-01-447,Hennepin,Olson Elementary,Bloomington,10-19,0-4,0-4,0-4
0278-01-662,Hennepin,Orono Intermediate Elementary,Long Lake,5-9,5-9,0-4,0-4
0278-01-031,Hennepin,Orono Middle,Long Lake,5-9,0-4,5-9,5-9
0279-01-034,Hennepin,Osseo Middle School,Osseo,5-9,10-19,0-4,0-4
0279-01-032,Hennepin,Osseo Senior High,Osseo,0-4,5-9,5-9,5-9
0273-31-007,Hennepin,Our Lady of Grace,Edina,0-4,10-19,5-9,0-4
0011-01-425,Hennepin,Oxbow Creek Elementary,Champlin,10-19,5-9,0-4,0-4
4199-07-030,Hennepin,Parnassus Preparatory School ESY,Maple Grove,10-19,0-4,0-4,0-4
1000-70-010,Hennepin,Perpich Center For Arts Education,Golden Valley,5-9,0-4,0-4,0-4
0283-01-754,Hennepin,Peter Hobart Elementary,Saint Louis Park,10-19,0-4,5-9,0-4
0281-01-040,Hennepin,Plymouth Middle,Plymouth,0-4,5-9,0-4,0-4
0271-01-454,Hennepin,Poplar Bridge Elementary,Bloomington,5-9,0-4,0-4,0-4
0272-01-881,Hennepin,Prairie View Elementary,Eden Prairie,5-9,5-9,0-4,0-4
0001-03-156,Hennepin,Pratt Elementary,Minneapolis,0-4,5-9,0-4,0-4
0284-31-010,Hennepin,Providence Academy,Plymouth,20-29,5-9,0-4,0-4
0279-01-685,Hennepin,Rice Lake Elementary,Maple Grove,5-9,0-4,5-9,5-9
0280-01-705,Hennepin,Richfield Dual Language School,Richfield,0-4,5-9,0-4,0-4
0280-01-036,Hennepin,Richfield STEM School,Richfield,0-4,5-9,5-9,0-4
0001-33-015,Hennepin,Risen Christ,Minneapolis,0-4,0-4,5-9,0-4
0281-01-053,Hennepin,Robbinsdale Armstrong Senior High,Plymouth,0-4,5-9,0-4,0-4
0281-01-050,Hennepin,Robbinsdale Cooper Senior High,New Hope,10-19,5-9,5-9,0-4
0281-01-012,Hennepin,Robbinsdale Spanish Immersion El.,New Hope,10-19,5-9,0-4,0-4
0883-01-001,Hennepin,Rockford Secondary,Rockford,5-9,0-4,0-4,0-4
0728-01-070,Hennepin,Rogers Elementary,Rogers,0-4,0-4,0-4,5-9
0728-01-340,Hennepin,Rogers Middle School,Rogers,0-4,5-9,0-4,0-4
0728-01-510,Hennepin,Rogers Senior High,Rogers,10-19,10-19,0-4,0-4
0279-01-669,Hennepin,Rush Creek Elementary,Maple Grove,0-4,10-19,0-4,0-4
0001-03-324,Hennepin,Sanford Middle,Minneapolis,0-4,5-9,0-4,0-4
4159-07-010,Hennepin,Seven Hills Preparatory Academy,Bloomington,0-4,5-9,5-9,0-4
0001-03-160,Hennepin,Seward Elementary,Minneapolis,0-4,5-9,0-4,0-4
0001-03-161,Hennepin,Sheridan Elementary,Minneapolis,0-4,5-9,0-4,0-4
0280-01-701,Hennepin,Sheridan Hills Elementary,Richfield,10-19,0-4,0-4,0-4
0001-03-362,Hennepin,South Senior High,Minneapolis,0-4,5-9,0-4,0-4
0273-01-019,Hennepin,South View Middle,Edina,0-4,5-9,0-4,0-4
0279-31-002,Hennepin,St. Alphonsus,Brooklyn Center,0-4,0-4,0-4,5-9
0282-01-020,Hennepin,St. Anthony Village Senior High,Saint Anthony,0-4,0-4,5-9,0-4
0283-01-040,Hennepin,St. Louis Park Senior High,Saint Louis Park,0-4,5-9,0-4,0-4
0279-31-004,Hennepin,St. Vincent de Paul,Brooklyn Park,0-4,5-9,0-4,0-4
0284-01-808,Hennepin,Sunset Hill Elementary,Plymouth,0-4,0-4,0-4,10-19
0283-01-755,Hennepin,Susan Lindgren Elementary,Saint Louis Park,0-4,0-4,5-9,0-4
4078-07-020,Hennepin,Twin Cities International Schools,Minneapolis,0-4,5-9,0-4,0-4
0001-03-368,Hennepin,Washburn Senior High,Minneapolis,5-9,0-4,0-4,0-4
0284-01-050,Hennepin,Wayzata High,Plymouth,5-9,0-4,0-4,0-4
0279-01-673,Hennepin,Weaver Lake STEM,Maple Grove,5-9,0-4,0-4,0-4
0282-01-040,Hennepin,Wilshire Park Elementary,Saint Anthony,0-4,0-4,5-9,5-9
0001-03-170,Hennepin,Windom School,Minneapolis,5-9,0-4,0-4,0-4
0300-31-001,Houston,Crucifixion,La Crescent,0-4,0-4,0-4,5-9
0308-01-010,Hubbard,Nevis Elementary,Nevis,5-9,0-4,0-4,0-4
0309-01-030,Hubbard,Park Rapids Area Century Elementary,Park Rapids,5-9,5-9,0-4,0-4
0309-01-080,Hubbard,Park Rapids Area Century Middle,Park Rapids,0-4,5-9,0-4,0-4
0309-01-060,Hubbard,Park Rapids Senior High,Park Rapids,10-19,5-9,0-4,0-4
4227-07-030,Isanti,Art & Science Academy Middle School,Isanti,0-4,5-9,0-4,0-4
4227-07-010,Isanti,Art and Science Academy,Isanti,10-19,0-4,0-4,0-4
0911-01-301,Isanti,Cambridge Middle School,Cambridge,0-4,0-4,0-4,5-9
0911-01-101,Isanti,Cambridge Primary School,Cambridge,0-4,5-9,0-4,0-4
0911-01-350,Isanti,Cambridge-Isanti High School,Cambridge,30-39,20-29,5-9,5-9
0911-01-302,Isanti,Isanti Middle School,Isanti,0-4,5-9,0-4,0-4
0318-01-350,Itasca,Bigfork Secondary,Bigfork,10-19,0-4,0-4,0-4
0318-01-110,Itasca,Cohasset Elementary,Cohasset,0-4,5-9,0-4,0-4
0317-01-001,Itasca,Deer River Secondary,Deer River,0-4,5-9,0-4,0-4
0318-01-140,Itasca,East Rapids Elementary,Grand Rapids,0-4,5-9,0-4,0-4
0318-01-360,Itasca,Grand Rapids Senior High,Grand Rapids,20-29,5-9,0-4,0-4
0319-01-020,Itasca,Keewatin-Nashwauk Elementary School,Keewatin,5-9,0-4,0-4,0-4
0319-01-050,Itasca,Nashwauk Secondary,Nashwauk,5-9,5-9,0-4,0-4
0318-01-370,Itasca,Robert J. Elkington Middle School,Grand Rapids,10-19,10-19,0-4,0-4
0318-01-155,Itasca,West Rapids Elementary,Grand Rapids,0-4,5-9,5-9,0-4
0330-01-030,Jackson,Heron Lake-Okabena Secondary,Okabena,5-9,0-4,0-4,0-4
0332-01-030,Kanabec,Mora Elementary School,Mora,0-4,0-4,0-4,5-9
0332-01-040,Kanabec,Mora Secondary,Mora,10-19,10-19,0-4,5-9
0333-01-010,Kanabec,Ogilvie Elementary,Ogilvie,0-4,0-4,0-4,0-4
0333-01-020,Kanabec,Ogilvie Secondary,Ogilvie,0-4,0-4,0-4,5-9
0347-01-109,Kandiyohi,Kennedy Elementary,Willmar,20-29,20-29,0-4,0-4
0347-01-110,Kandiyohi,Lakeland Elementary School,Willmar,0-4,10-19,0-4,0-4
0345-01-010,Kandiyohi,Prairie Woods Elementary,New London,10-19,5-9,5-9,0-4
0347-01-108,Kandiyohi,Roosevelt Elementary,Willmar,5-9,5-9,5-9,0-4
0347-01-301,Kandiyohi,Willmar Middle School,Willmar,5-9,10-19,5-9,0-4
0347-01-300,Kandiyohi,Willmar Senior High,Willmar,20-29,20-29,5-9,0-4
2171-01-030,Kittson,Kittson Central Secondary,Hallock,5-9,0-4,0-4,0-4
0361-01-007,Koochiching,Falls Elementary,International Falls,0-4,0-4,0-4,5-9
0362-01-020,Koochiching,Littlefork-Big Falls Elementary,Littlefork,5-9,0-4,0-4,0-4
0362-01-030,Koochiching,Littlefork-Big Falls Secondary,Littlefork,5-9,0-4,0-4,0-4
0363-01-080,Koochiching,Northome Elementary,Northome,5-9,0-4,0-4,0-4
0378-01-020,Lac qui Parle,Dawson-Boyd Secondary,Dawson,0-4,5-9,0-4,0-4
2853-01-040,Lac qui Parle,Lac qui Parle Valley Secondary,Madison,10-19,0-4,0-4,0-4
0381-01-040,Lake,Minnehaha Elementary,Two Harbors,5-9,0-4,0-4,0-4
0390-01-222,Lake of The Woods,Lake of The Woods Secondary,Baudette,0-4,5-9,0-4,0-4
0391-01-010,Le Sueur,Cleveland Elementary,Cleveland,5-9,0-4,0-4,0-4
2905-01-020,Le Sueur,Tri-City United High School,Montgomery,10-19,10-19,5-9,0-4
2143-01-030,Le Sueur,Waterville Elementary,Waterville,5-9,0-4,0-4,0-4
2143-01-040,Le Sueur,Waterville-Elysian-Morristown Sr.,Waterville,5-9,5-9,0-4,0-4
2167-01-010,Lyon,Lakeview Elementary,Cottonwood,0-4,5-9,5-9,0-4
2167-01-020,Lyon,Lakeview Secondary,Cottonwood,10-19,0-4,0-4,0-4
0413-01-001,Lyon,Marshall High School,Marshall,5-9,0-4,0-4,0-4
0413-01-006,Lyon,Marshall Middle School,Marshall,0-4,0-4,0-4,5-9
0414-01-001,Lyon,Minneota Elementary,Minneota,10-19,0-4,0-4,0-4
2904-01-002,Lyon,Tracy Elementary,Tracy,5-9,20-29,0-4,0-4
2904-01-001,Lyon,Tracy Secondary,Tracy,5-9,0-4,0-4,0-4
0413-01-003,Lyon,West Side Elementary,Marshall,0-4,10-19,0-4,0-4
2856-01-030,Marshall,Stephen Senior High,Stephen,5-9,0-4,0-4,0-4
2176-01-010,Marshall,Warren Elementary,Warren,5-9,5-9,0-4,0-4
2176-01-020,Marshall,Warren-Alvarado-Oslo Secondary,Warren,10-19,5-9,0-4,0-4
2752-01-050,Martin,Fairmont Elementary School,Fairmont,10-19,10-19,5-9,5-9
2752-01-060,Martin,Fairmont Jr./Sr. High School,Fairmont,20-29,10-19,0-4,0-4
2536-01-020,Martin,Granada Huntley East Chain High School,Granada,5-9,0-4,0-4,0-4
2448-01-020,Martin,Martin County West Senior High,Sherburn,5-9,0-4,0-4,0-4
2448-01-015,Martin,Trimont Elementary,Trimont,10-19,0-4,0-4,0-4
0458-01-010,Martin,Truman Elementary,Truman,5-9,0-4,0-4,0-4
2859-01-060,McLeod,Glencoe-Silver Lake Senior High,Glencoe,10-19,10-19,5-9,0-4
0423-01-010,McLeod,Hutchinson Park Elementary,Hutchinson,0-4,5-9,0-4,0-4
0423-01-030,McLeod,Hutchinson Senior High,Hutchinson,5-9,5-9,0-4,0-4
0423-01-060,McLeod,Hutchinson West Elementary,Hutchinson,5-9,0-4,0-4,0-4
2859-01-030,McLeod,Lakeside Elementary,Silver Lake,5-9,5-9,0-4,0-4
2859-01-010,McLeod,Lincoln Elementary,Glencoe,0-4,5-9,0-4,0-4
2396-01-300,Meeker,A.C.G.C. Secondary,Grove City,5-9,5-9,0-4,0-4
0466-01-003,Meeker,Dassel Elementary,Dassel,5-9,0-4,0-4,0-4
0463-01-020,Meeker,Eden Valley Secondary,Eden Valley,10-19,5-9,0-4,0-4
0465-01-010,Meeker,Lake Ripley Elementary,Litchfield,10-19,0-4,0-4,0-4
0465-01-030,Meeker,Litchfield Middle School,Litchfield,10-19,5-9,0-4,0-4
0465-01-040,Meeker,Litchfield Senior High,Litchfield,5-9,5-9,0-4,0-4
0477-01-030,Mille Lacs,Princeton High School,Princeton,5-9,5-9,5-9,5-9
0477-01-010,Mille Lacs,Princeton Intermediate School,Princeton,10-19,5-9,0-4,0-4
0477-01-020,Mille Lacs,Princeton Middle School,Princeton,5-9,0-4,0-4,5-9
0477-01-001,Mille Lacs,Princeton Primary School,Princeton,10-19,5-9,0-4,0-4
0482-01-200,Morrison,Community Middle,Little Falls,10-19,20-29,5-9,0-4
0484-01-030,Morrison,Healy Secondary,Pierz,5-9,0-4,0-4,0-4
0482-01-130,Morrison,Knight Elementary,Randall,0-4,5-9,0-4,0-4
0482-01-120,Morrison,Lindbergh Elementary,Little Falls,0-4,0-4,5-9,0-4
0482-01-300,Morrison,Little Falls Senior High,Little Falls,10-19,10-19,0-4,0-4
0484-01-020,Morrison,Pioneer Elementary,Pierz,0-4,5-9,0-4,0-4
0485-01-010,Morrison,Royalton Elementary,Royalton,10-19,0-4,0-4,0-4
0485-01-020,Morrison,Royalton High School,Royalton,5-9,5-9,0-4,0-4
0485-01-050,Morrison,Royalton Middle School,Royalton,10-19,0-4,0-4,0-4
0486-01-010,Morrison,Swanville Elementary,Swanville,5-9,5-9,0-4,0-4
0486-01-020,Morrison,Swanville Secondary,Swanville,5-9,0-4,0-4,0-4
0487-01-020,Morrison,Upsala Secondary,Upsala,0-4,5-9,0-4,0-4
0492-01-200,Mower,Austin Senior High,Austin,5-9,5-9,5-9,10-19
0492-01-010,Mower,Banfield Elementary,Austin,10-19,0-4,0-4,0-4
0492-01-300,Mower,Ellis Middle,Austin,0-4,5-9,0-4,0-4
0495-01-010,Mower,Grand Meadow Elementary,Grand Meadow,10-19,0-4,0-4,0-4
0495-01-020,Mower,Grand Meadow Middle,Grand Meadow,5-9,5-9,0-4,0-4
0495-01-030,Mower,Grand Meadow Senior High,Grand Meadow,5-9,5-9,0-4,0-4
0492-01-280,Mower,I.J. Holton Intermediate School,Austin,5-9,5-9,0-4,0-4
0492-01-070,Mower,Southgate Elementary,Austin,5-9,0-4,0-4,0-4
0500-01-030,Mower,Southland Elementary,Rose Creek,0-4,5-9,0-4,0-4
0505-01-010,Murray,Fulda Elementary,Fulda,0-4,10-19,0-4,0-4
0505-01-020,Murray,Fulda Secondary,Fulda,0-4,5-9,5-9,0-4
2169-01-010,Murray,Murray Co. Central Elementary,Slayton,5-9,5-9,0-4,0-4
2169-01-020,Murray,Murray County Central Secondary,Slayton,10-19,5-9,0-4,0-4
0077-01-190,Nicollet,Dakota Meadows Middle School,North Mankato,0-4,0-4,5-9,5-9
0077-01-020,Nicollet,Hoover Elementary,North Mankato,0-4,0-4,0-4,10-19
0077-01-040,Nicollet,Monroe Elementary,North Mankato,0-4,10-19,5-9,0-4
0507-01-010,Nicollet,Nicollet Elementary School,Nicollet,0-4,5-9,0-4,0-4
0507-01-015,Nicollet,Nicollet Middle School,Nicollet,0-4,5-9,0-4,0-4
0507-01-020,Nicollet,Nicollet Senior High School,Nicollet,0-4,5-9,0-4,0-4
0508-01-080,Nicollet,St. Peter Middle School,Saint Peter,0-4,0-4,5-9,5-9
0518-01-004,Nobles,Worthington Middle,Worthington,5-9,5-9,0-4,0-4
0518-01-008,Nobles,Worthington Senior High,Worthington,0-4,5-9,0-4,0-4
2854-01-030,Norman,Ada-Borup Secondary,Ada,10-19,10-19,0-4,0-4
0535-01-110,Olmsted,Bamber Valley Elementary,Rochester,10-19,0-4,0-4,0-4
0534-01-010,Olmsted,Bear Cave Intermediate School,Stewartville,0-4,5-9,0-4,0-4
0534-01-011,Olmsted,Bonner Elementary,Stewartville,0-4,5-9,0-4,0-4
0531-01-060,Olmsted,Byron Primary School,Byron,5-9,0-4,0-4,0-4
0535-01-305,Olmsted,Century Senior High,Rochester,5-9,5-9,0-4,0-4
0533-01-020,Olmsted,Dover-Eyota Elementary,Eyota,0-4,5-9,0-4,0-4
0535-01-120,Olmsted,Elton Hills Elementary,Rochester,0-4,5-9,0-4,0-4
0535-01-124,Olmsted,Franklin Elementary,Rochester,5-9,0-4,0-4,0-4
0535-01-126,Olmsted,Gage Elementary,Rochester,5-9,0-4,0-4,0-4
0535-01-129,Olmsted,George W. Gibbs Elementary,Rochester,0-4,10-19,0-4,0-4
0535-01-134,Olmsted,Hoover Elementary,Rochester,5-9,0-4,0-4,0-4
0535-01-136,Olmsted,Jefferson Elementary,Rochester,5-9,0-4,0-4,0-4
0535-01-325,Olmsted,John Adams Middle,Rochester,10-19,5-9,0-4,0-4
0535-01-310,Olmsted,John Marshall Senior High,Rochester,10-19,5-9,0-4,0-4
0535-01-335,Olmsted,Kellogg Middle,Rochester,5-9,5-9,0-4,0-4
0535-01-140,Olmsted,Longfellow Choice Elementary,Rochester,5-9,0-4,0-4,0-4
0535-01-315,Olmsted,Mayo Senior High,Rochester,5-9,10-19,5-9,0-4
4135-07-010,Olmsted,Rochester Math And Science Academy,Rochester,5-9,0-4,0-4,0-4
0535-31-170,Olmsted,Schaeffer Academy,Rochester,0-4,5-9,0-4,0-4
0534-01-020,Olmsted,Stewartville Middle,Stewartville,5-9,20-29,5-9,0-4
0534-01-030,Olmsted,Stewartville Senior High,Stewartville,10-19,5-9,0-4,0-4
0535-01-152,Olmsted,Washington Elementary,Rochester,5-9,0-4,0-4,0-4
0535-01-330,Olmsted,Willow Creek Middle,Rochester,5-9,5-9,5-9,5-9
0544-01-130,Otter Tail,Adams Elementary,Fergus Falls,5-9,10-19,0-4,0-4
0544-01-140,Otter Tail,Cleveland Elementary,Fergus Falls,0-4,5-9,0-4,0-4
0549-01-010,Otter Tail,Heart of The Lake Elementary,Perham,5-9,5-9,0-4,0-4
0544-01-390,Otter Tail,Kennedy High School,Fergus Falls,0-4,5-9,0-4,0-4
0544-01-380,Otter Tail,Kennedy Middle School,Fergus Falls,0-4,10-19,0-4,0-4
0553-01-010,Otter Tail,New York Mills Elementary,New York Mills,5-9,0-4,0-4,0-4
0553-01-020,Otter Tail,New York Mills Secondary,New York Mills,5-9,0-4,0-4,0-4
0547-01-010,Otter Tail,Parkers Prairie Elementary,Parkers Prairie,0-4,5-9,0-4,0-4
0549-01-030,Otter Tail,Perham Senior High,Perham,10-19,5-9,0-4,0-4
0549-01-020,Otter Tail,Prairie Wind Middle,Perham,0-4,5-9,0-4,0-4
0550-01-010,Otter Tail,Underwood Elementary,Underwood,5-9,0-4,0-4,0-4
2165-01-010,Pine,Hinckley Elementary,Hinckley,0-4,0-4,5-9,0-4
2165-01-020,Pine,Hinckley-Finlayson Secondary,Hinckley,0-4,5-9,0-4,0-4
0578-01-010,Pine,Pine City Elementary,Pine City,0-4,0-4,0-4,10-19
0577-01-040,Pine,Willow River Secondary,Willow River,10-19,0-4,0-4,0-4
0593-01-090,Polk,Crookston Secondary,Crookston,10-19,0-4,0-4,0-4
0599-01-010,Polk,Fertile-Beltrami Elementary,Fertile,5-9,5-9,0-4,0-4
0599-01-020,Polk,Fertile-Beltrami Secondary,Fertile,0-4,5-9,0-4,0-4
0601-01-020,Polk,Fosston Secondary,Fosston,10-19,0-4,0-4,0-4
0601-01-010,Polk,Magelssen Elementary,Fosston,10-19,0-4,0-4,0-4
2609-01-010,Polk,Win-E-Mac Elementary,Erskine,5-9,0-4,0-4,0-4
2149-01-060,Pope,Minnewaska Area Intermediate School,Glenwood,5-9,10-19,0-4,0-4
2149-01-050,Pope,Minnewaska Secondary,Glenwood,10-19,10-19,0-4,0-4
0625-01-579,Ramsey,American Indian Magnet School,Saint Paul,0-4,5-9,0-4,0-4
0621-01-025,Ramsey,Bel Air Elementary,New Brighton,0-4,5-9,0-4,5-9
0623-01-721,Ramsey,Brimhall Elementary,Roseville,0-4,0-4,5-9,0-4
0624-01-057,Ramsey,Central Middle,White Bear Lake,0-4,5-9,0-4,0-4
0625-01-210,Ramsey,Central Senior High,Saint Paul,0-4,5-9,0-4,0-4
0621-01-070,Ramsey,Chippewa Middle School,North Oaks,5-9,5-9,0-4,0-4
0625-01-431,Ramsey,Como Park Elementary,Saint Paul,0-4,5-9,0-4,0-4
0623-01-724,Ramsey,Falcon Heights Elementary,Falcon Heights,10-19,0-4,0-4,0-4
0625-01-464,Ramsey,Frost Lake Elementary School,Saint Paul,0-4,0-4,0-4,5-9
4186-07-010,Ramsey,Global Academy,New Brighton,5-9,0-4,0-4,0-4
0625-01-476,Ramsey,Groveland Park Elementary,Saint Paul,0-4,5-9,0-4,0-4
0625-01-215,Ramsey,Harding Senior High,Saint Paul,0-4,5-9,0-4,0-4
0625-31-842,Ramsey,Highland Catholic,Saint Paul,0-4,0-4,0-4,5-9
0622-31-064,Ramsey,Hill-Murray,Maplewood,5-9,0-4,0-4,0-4
4103-07-030,Ramsey,Hmong College Prep Academy,Saint Paul,5-9,0-4,0-4,0-4
0625-31-845,Ramsey,Holy Spirit School,Saint Paul,0-4,0-4,5-9,5-9
0625-01-225,Ramsey,Humboldt High School,Saint Paul,0-4,5-9,0-4,0-4
0621-01-065,Ramsey,Irondale Senior High,New Brighton,5-9,0-4,0-4,5-9
0621-01-026,Ramsey,Island Lake Elementary,Shoreview,0-4,5-9,0-4,5-9
0625-31-850,Ramsey,Maternity of Mary St. Andrew,Saint Paul,5-9,0-4,0-4,0-4
0624-01-833,Ramsey,Matoska International,White Bear Lake,5-9,0-4,0-4,0-4
0625-01-527,Ramsey,Mississippi Creative Arts Elementary,Saint Paul,5-9,0-4,0-4,0-4
0621-01-064,Ramsey,Mounds View Senior High,Arden Hills,5-9,5-9,0-4,0-4
4240-07-010,Ramsey,New Century School,Saint Paul,5-9,0-4,0-4,0-4
0622-01-057,Ramsey,North Senior High,North Saint Paul,5-9,5-9,0-4,0-4
0624-01-828,Ramsey,Otter Lake Elementary,White Bear Lake,5-9,0-4,0-4,0-4
0623-01-073,Ramsey,Parkview Center School,Roseville,0-4,0-4,5-9,5-9
0621-01-030,Ramsey,Pinewood Elementary,Mounds View,0-4,0-4,0-4,5-9
0622-31-066,Ramsey,Presentation of Mary School,Maplewood,0-4,0-4,0-4,5-9
0625-01-345,Ramsey,Ramsey Middle School,Saint Paul,5-9,0-4,0-4,0-4
0625-01-545,Ramsey,Randolph Heights Elementary,Saint Paul,0-4,5-9,0-4,0-4
0623-01-069,Ramsey,Roseville Area Senior High,Roseville,0-4,5-9,0-4,0-4
0625-01-558,Ramsey,Saint Paul Music Academy,Saint Paul,5-9,0-4,0-4,0-4
0625-31-861,Ramsey,St. Agnes,Saint Paul,0-4,5-9,5-9,0-4
0625-01-557,Ramsey,St. Anthony Park Elementary,Saint Paul,5-9,0-4,0-4,0-4
0623-31-705,Ramsey,St. Jerome,Maplewood,0-4,5-9,0-4,0-4
0621-31-082,Ramsey,St. John the Baptist,New Brighton,5-9,0-4,0-4,0-4
0621-01-035,Ramsey,Turtle Lake Elementary,Shoreview,5-9,5-9,0-4,0-4
4152-07-010,Ramsey,Twin Cities German Immersion Charter School,Saint Paul,5-9,0-4,0-4,0-4
0621-01-036,Ramsey,Valentine Hills Elementary,Arden Hills,5-9,0-4,0-4,0-4
0622-01-036,Ramsey,Webster Elementary,North Saint Paul,0-4,5-9,0-4,0-4
0624-01-055,Ramsey,White Bear North Campus Senior,White Bear Lake,10-19,0-4,0-4,0-4
0624-01-095,Ramsey,White Bear South Campus Senior,White Bear Lake,10-19,0-4,0-4,0-4
0623-01-731,Ramsey,Williams Elementary,Shoreview,0-4,10-19,0-4,0-4
0630-01-010,Red Lake,J.A. Hughes Elementary,Red Lake Falls,5-9,0-4,0-4,0-4
2906-01-011,Red Lake,Red Lake County Central Elementary,Plummer,10-19,0-4,0-4,0-4
2897-01-003,Redwood,Redwood Valley Middle,Redwood Falls,10-19,0-4,0-4,0-4
2897-01-002,Redwood,Reede Gray Elementary,Redwood Falls,10-19,0-4,0-4,0-4
2898-01-015,Redwood,Walnut Grove Elementary,Walnut Grove,5-9,0-4,0-4,0-4
2159-01-010,Renville,Buffalo Lake-Hector Elementary,Buffalo Lake,0-4,0-4,5-9,0-4
0659-01-007,Rice,Bridgewater Elementary,Northfield,0-4,5-9,0-4,0-4
0659-01-001,Rice,Northfield Senior High,Northfield,0-4,5-9,5-9,10-19
2184-01-002,Rock,Luverne Elementary,Luverne,5-9,0-4,0-4,0-4
2184-01-004,Rock,Luverne Senior High,Luverne,10-19,0-4,0-4,0-4
0682-01-010,Roseau,Roseau Elementary,Roseau,10-19,5-9,5-9,5-9
0682-01-020,Roseau,Roseau Secondary,Roseau,0-4,0-4,5-9,5-9
0690-01-010,Roseau,Warroad Elementary,Warroad,5-9,5-9,0-4,0-4
0690-01-030,Roseau,Warroad High School,Warroad,5-9,5-9,5-9,0-4
2142-01-096,Saint Louis,Cherry Elementary,Iron,30-39,5-9,0-4,0-4
2142-01-095,Saint Louis,Cherry Secondary,Iron,20-29,5-9,0-4,0-4
0709-01-215,Saint Louis,Denfeld High School,Duluth,5-9,5-9,0-4,0-4
2909-01-040,Saint Louis,Eveleth-Gilbert Senior High,Eveleth,0-4,5-9,0-4,0-4
2909-01-010,Saint Louis,Franklin Elementary,Eveleth,0-4,5-9,0-4,0-4
0700-01-010,Saint Louis,Hermantown Elementary,Hermantown,0-4,5-9,5-9,0-4
0700-01-020,Saint Louis,Hermantown Senior High,Hermantown,0-4,5-9,0-4,0-4
0701-01-350,Saint Louis,Hibbing High,Hibbing,10-19,5-9,0-4,0-4
0709-01-475,Saint Louis,Homecroft Elementary,Duluth,5-9,0-4,0-4,0-4
0709-01-525,Saint Louis,Laura MacArthur Elementary,Duluth,5-9,5-9,0-4,0-4
0701-01-310,Saint Louis,Lincoln Elementary,Hibbing,5-9,10-19,0-4,0-4
0709-01-225,Saint Louis,Lincoln Park Middle School,Duluth,5-9,0-4,0-4,0-4
0709-01-520,Saint Louis,Lowell Elementary,Duluth,0-4,5-9,0-4,0-4
0712-01-001,Saint Louis,Merritt Elementary,Mountain Iron,0-4,0-4,10-19,0-4
2711-01-010,Saint Louis,Mesabi East Elementary,Aurora,5-9,5-9,0-4,0-4
2711-01-040,Saint Louis,Mesabi East Secondary,Aurora,0-4,10-19,0-4,0-4
0712-01-003,Saint Louis,Mountain Iron-Buhl Secondary,Mountain Iron,0-4,5-9,0-4,0-4
4084-07-010,Saint Louis,North Shore Community School,Duluth,0-4,5-9,0-4,0-4
4020-07-010,Saint Louis,North Star Academy,Duluth,0-4,10-19,0-4,0-4
2142-01-050,Saint Louis,North Woods Elementary,Cook,0-4,5-9,0-4,0-4
2142-01-055,Saint Louis,North Woods Secondary,Cook,10-19,0-4,0-4,0-4
0709-01-335,Saint Louis,Ordean East Middle School,Duluth,5-9,0-4,0-4,0-4
0704-01-006,Saint Louis,Pike Lake Elementary,Duluth,5-9,0-4,0-4,0-4
2909-01-030,Saint Louis,Roosevelt Elementary,Virginia,5-9,0-4,0-4,0-4
2909-01-090,Saint Louis,Virginia Secondary,Virginia,5-9,5-9,0-4,0-4
0720-01-865,Scott,Eagle Creek Elementary School,Shakopee,0-4,0-4,0-4,5-9
0721-01-521,Scott,Eagle View,Elko New Market,10-19,5-9,5-9,0-4
0721-01-651,Scott,Falcon Ridge,New Prague,10-19,5-9,0-4,0-4
0719-01-019,Scott,Hamilton Ridge Elementary School,Savage,0-4,0-4,0-4,5-9
0717-01-637,Scott,Jordan Elementary,Jordan,10-19,5-9,0-4,0-4
0717-01-127,Scott,Jordan High School,Jordan,5-9,0-4,0-4,0-4
0721-01-111,Scott,New Prague Middle School,New Prague,40-49,10-19,5-9,0-4
0721-01-029,Scott,New Prague Senior High,New Prague,20-29,5-9,10-19,10-19
0716-01-011,Scott,Oak Crest Elementary,Belle Plaine,0-4,5-9,0-4,0-4
0719-01-030,Scott,Prior Lake High School,Savage,5-9,5-9,0-4,0-4
0721-01-345,Scott,Raven Stream Elementary,New Prague,5-9,0-4,0-4,0-4
0720-01-085,Scott,Shakopee East Middle School,Shakopee,5-9,0-4,0-4,0-4
0720-01-083,Scott,Shakopee High School,Shakopee,10-19,5-9,0-4,0-4
0720-01-084,Scott,Shakopee West Middle School,Shakopee,5-9,0-4,0-4,0-4
0719-01-021,Scott,Twin Oaks Middle School,Prior Lake,5-9,0-4,0-4,0-4
0719-01-010,Scott,Westwood El.,Prior Lake,5-9,0-4,0-4,5-9
0726-01-010,Sherburne,Becker Intermediate Elementary,Becker,10-19,10-19,0-4,0-4
0726-01-030,Sherburne,Becker Middle,Becker,10-19,0-4,0-4,0-4
0726-01-040,Sherburne,Becker Primary,Becker,10-19,10-19,0-4,0-4
0726-01-020,Sherburne,Becker Senior High,Becker,20-29,5-9,0-4,0-4
0727-01-030,Sherburne,Big Lake Middle School,Big Lake,0-4,10-19,0-4,0-4
0727-01-020,Sherburne,Big Lake Senior High,Big Lake,5-9,0-4,0-4,0-4
0742-01-016,Sherburne,Clearview Elementary,Clear Lake,0-4,5-9,5-9,5-9
0728-01-500,Sherburne,Elk River Senior High,Elk River,5-9,5-9,0-4,0-4
0727-01-010,Sherburne,Independence Elementary,Big Lake,5-9,0-4,0-4,0-4
0727-01-040,Sherburne,Liberty Elementary,Big Lake,0-4,5-9,0-4,0-4
0728-01-300,Sherburne,Lincoln Elementary,Elk River,5-9,0-4,0-4,0-4
0728-01-700,Sherburne,Meadowvale Elementary,Elk River,0-4,0-4,5-9,0-4
0728-01-110,Sherburne,Parker Elementary,Elk River,5-9,5-9,0-4,0-4
0728-01-410,Sherburne,Salk Middle School,Elk River,10-19,0-4,0-4,0-4
4160-07-010,Sherburne,Spectrum High School,Elk River,10-19,5-9,0-4,0-4
0728-01-170,Sherburne,Twin Lakes Elementary,Elk River,5-9,0-4,0-4,0-4
0728-01-400,Sherburne,VandenBerge Middle School,Elk River,0-4,5-9,0-4,0-4
0728-01-210,Sherburne,Westwood Elementary,Zimmerman,10-19,5-9,0-4,0-4
0728-01-200,Sherburne,Zimmerman Elementary,Zimmerman,10-19,5-9,0-4,0-4
0728-01-530,Sherburne,Zimmerman High School,Zimmerman,30-39,5-9,0-4,0-4
0728-01-350,Sherburne,Zimmerman Middle,Zimmerman,10-19,5-9,0-4,0-4
2365-01-020,Sibley,GFW Junior-Senior High School (Grades 6-12),Winthrop,5-9,5-9,0-4,0-4
2310-01-020,Sibley,Sibley East Middle School,Arlington,0-4,5-9,0-4,0-4
2310-01-003,Sibley,Sibley East-Arlington Senior High,Arlington,5-9,5-9,0-4,0-4
2310-01-010,Sibley,Sibley East-Gaylord Elementary,Gaylord,0-4,5-9,0-4,0-4
0745-01-060,Stearns,Albany Area High School,Albany,10-19,10-19,0-4,0-4
0745-01-050,Stearns,Albany Area Middle School,Albany,20-29,10-19,0-4,0-4
0745-01-010,Stearns,Albany Elementary,Albany,5-9,10-19,0-4,0-4
0742-01-057,Stearns,Apollo Senior High,Saint Cloud,10-19,10-19,0-4,0-4
4250-07-010,Stearns,Athlos Academy of Saint Cloud,Saint Cloud,5-9,5-9,0-4,0-4
0745-01-030,Stearns,Avon Elementary,Avon,20-29,5-9,0-4,0-4
0750-01-030,Stearns,Cold Spring Elementary,Cold Spring,0-4,5-9,0-4,0-4
0742-01-035,Stearns,Discovery Community Elementary,Waite Park,5-9,0-4,0-4,0-4
0463-01-010,Stearns,Eden Valley Elementary,Eden Valley,10-19,10-19,0-4,0-4
0743-31-001,Stearns,Holy Family,Sauk Centre,5-9,0-4,0-4,0-4
0742-01-025,Stearns,Kennedy Community School,Saint Joseph,5-9,5-9,5-9,0-4
0739-01-020,Stearns,Kimball Secondary,Kimball,10-19,5-9,0-4,0-4
0742-01-031,Stearns,Madison Elementary,Saint Cloud,10-19,5-9,0-4,0-4
0740-01-010,Stearns,Melrose Elementary,Melrose,5-9,5-9,0-4,0-4
0740-01-020,Stearns,Melrose Middle,Melrose,0-4,5-9,0-4,0-4
0740-01-030,Stearns,Melrose Secondary,Melrose,10-19,5-9,0-4,0-4
0742-01-052,Stearns,North Junior High,Saint Cloud,10-19,5-9,0-4,0-4
0748-01-040,Stearns,Pine Meadow Primary School,Sartell,5-9,0-4,0-4,0-4
0748-01-050,Stearns,Sartell Middle,Sartell,10-19,5-9,0-4,0-4
0748-01-020,Stearns,Sartell Senior High,Sartell,10-19,0-4,0-4,0-4
0743-01-010,Stearns,Sauk Centre Elementary,Sauk Centre,10-19,5-9,5-9,0-4
0743-01-070,Stearns,Sauk Centre Middle,Sauk Centre,20-29,0-4,5-9,0-4
0743-01-030,Stearns,Sauk Centre Secondary,Sauk Centre,20-29,0-4,0-4,0-4
0742-01-054,Stearns,South Junior High,Saint Cloud,0-4,0-4,5-9,5-9
0742-31-020,Stearns,St. Elizabeth Ann Seton School,Saint Cloud,5-9,0-4,0-4,0-4
0742-31-007,Stearns,St. Katharine Drexel,Saint Cloud,5-9,0-4,0-4,0-4
0742-01-059,Stearns,Technical Senior High,Saint Cloud,10-19,5-9,0-4,0-4
0756-01-010,Steele,Blooming Prairie Elementary,Blooming Prairie,10-19,0-4,0-4,10-19
0756-01-020,Steele,Blooming Prairie Secondary,Blooming Prairie,0-4,10-19,5-9,0-4
0761-01-902,Steele,McKinley Elementary,Owatonna,5-9,5-9,0-4,0-4
0761-01-151,Steele,Owatonna Middle School,Owatonna,20-29,5-9,5-9,5-9
0761-01-150,Steele,Owatonna Senior High,Owatonna,10-19,10-19,5-9,10-19
0761-01-904,Steele,Washington Elementary,Owatonna,0-4,5-9,5-9,0-4
2769-01-030,Stevens,Morris Area Elementary,Morris,5-9,0-4,0-4,10-19
2769-01-010,Stevens,Morris Area Secondary,Morris,0-4,5-9,0-4,0-4
0777-01-101,Swift,Benson Secondary,Benson,5-9,0-4,0-4,0-4
0775-01-050,Swift,Kerkhoven Secondary,Kerkhoven,10-19,0-4,0-4,0-4
0775-01-030,Swift,Murdock Elementary,Murdock,10-19,5-9,0-4,0-4
0777-01-103,Swift,Northside Elementary,Benson,0-4,5-9,0-4,0-4
0787-01-010,Todd,Browerville Elementary,Browerville,0-4,10-19,0-4,0-4
0787-01-020,Todd,Browerville Secondary,Browerville,0-4,20-29,0-4,0-4
2753-01-010,Todd,Long Prairie-Grey Eagle Elementary,Long Prairie,0-4,10-19,0-4,0-4
2753-01-020,Todd,Long Prairie-Grey Secondary School,Long Prairie,5-9,5-9,5-9,0-4
2170-01-040,Todd,Staples-Motley Senior High,Staples,5-9,0-4,0-4,0-4
0803-01-001,Traverse,Pearson Elementary,Wheaton,5-9,0-4,0-4,0-4
0813-01-010,Wabasha,Bluff View Elementary,Lake City,0-4,0-4,5-9,0-4
0813-01-040,Wabasha,Lincoln Secondary,Lake City,5-9,5-9,10-19,10-19
2899-01-020,Wabasha,Plainview-Elgin-Millville 4-6,Elgin,10-19,5-9,5-9,0-4
2899-01-040,Wabasha,Plainview-Elgin-Millville High,Plainview,10-19,10-19,10-19,10-19
2899-01-010,Wabasha,Plainview-Elgin-Millville PK-3,Plainview,5-9,0-4,0-4,0-4
0811-31-001,Wabasha,St. Felix Catholic School,Wabasha,0-4,5-9,0-4,0-4
2805-01-001,Wabasha,Zumbrota-Mazeppa Elementary School,Mazeppa,0-4,10-19,5-9,10-19
0821-01-010,Wadena,Menahga Elementary,Menahga,5-9,5-9,0-4,0-4
0821-01-030,Wadena,Menahga High School,Menahga,10-19,0-4,0-4,0-4
0820-01-001,Wadena,Sebeka Elementary,Sebeka,5-9,0-4,0-4,0-4
0820-01-002,Wadena,Sebeka Secondary,Sebeka,10-19,0-4,0-4,0-4
0818-01-010,Wadena,Verndale Elementary,Verndale,5-9,0-4,0-4,0-4
0818-01-020,Wadena,Verndale Secondary,Verndale,5-9,5-9,0-4,0-4
2155-01-002,Wadena,Wadena-Deer Creek Elementary,Wadena,5-9,10-19,0-4,0-4
2155-01-001,Wadena,Wadena-Deer Creek Senior High,Wadena,5-9,20-29,5-9,0-4
0829-01-020,Waseca,Hartley Elementary,Waseca,5-9,0-4,0-4,0-4
2835-01-010,Waseca,Janesville-Waldorf-Pemberton El.Em.,Janesville,0-4,5-9,0-4,0-4
2168-01-003,Waseca,NRHEG Secondary,New Richland,10-19,20-29,0-4,0-4
0829-01-040,Waseca,Waseca Intermediate School,Waseca,5-9,0-4,0-4,0-4
0829-01-045,Waseca,Waseca Junior High,Waseca,5-9,0-4,0-4,0-4
0829-01-050,Waseca,Waseca Senior High,Waseca,5-9,0-4,0-4,0-4
0834-01-785,Washington,Afton-Lakeland Elementary,Lakeland,0-4,0-4,5-9,0-4
0831-01-625,Washington,Columbus Elementary,Forest Lake,5-9,0-4,0-4,0-4
0833-01-020,Washington,Cottage Grove Middle School,Cottage Grove,5-9,0-4,0-4,0-4
0833-01-032,Washington,Crestview Elementary,Cottage Grove,0-4,5-9,0-4,5-9
0833-01-025,Washington,East Ridge High School,Woodbury,5-9,5-9,0-4,0-4
0831-01-113,Washington,Forest Lake Area Community School,Forest Lake,5-9,0-4,0-4,0-4
0831-01-114,Washington,Forest Lake Area High School,Forest Lake,40-49,40-49,0-4,0-4
0831-01-115,Washington,Forest Lake Area Middle School,Forest Lake,5-9,5-9,0-4,0-4
0834-01-787,Washington,Lake Elmo Elementary,Lake Elmo,5-9,0-4,0-4,0-4
4116-07-010,Washington,Lakes International Language Academy Main Campus,Forest Lake,10-19,5-9,5-9,0-4
4116-07-020,Washington,Lakes International Language Academy-Headwaters Campus,Forest Lake,5-9,5-9,0-4,0-4
0833-01-041,Washington,Liberty Ridge Elementary,Woodbury,0-4,0-4,0-4,5-9
0832-01-030,Washington,Mahtomedi Middle,Mahtomedi,0-4,5-9,0-4,0-4
0832-01-040,Washington,Mahtomedi Senior High,Mahtomedi,5-9,0-4,0-4,0-4
0833-31-001,Washington,New Life Academy,Woodbury,5-9,5-9,5-9,5-9
4053-07-040,Washington,North Lakes Academy Elementary,Forest Lake,5-9,5-9,0-4,0-4
4053-07-010,Washington,North Lakes Academy Middle School,Forest Lake,0-4,5-9,0-4,0-4
0832-01-010,Washington,O.H. Anderson Elementary,Mahtomedi,5-9,5-9,0-4,0-4
0834-01-048,Washington,Oak-Land Middle School,Lake Elmo,0-4,5-9,0-4,0-4
0624-01-824,Washington,Oneka Elementary School,Hugo,5-9,0-4,0-4,0-4
0833-01-024,Washington,Park High School,Cottage Grove,5-9,5-9,0-4,0-4
0833-01-040,Washington,Pine Hill Elementary,Cottage Grove,5-9,5-9,0-4,0-4
0833-01-042,Washington,Pullman Elementary,Saint Paul Park,5-9,5-9,0-4,0-4
0833-01-044,Washington,Royal Oaks Elementary,Woodbury,0-4,5-9,0-4,5-9
0833-31-065,Washington,Saint Ambrose Woodbury Catholic Sch,Woodbury,0-4,10-19,0-4,0-4
0834-01-047,Washington,Stillwater Area High School,Stillwater,5-9,5-9,0-4,0-4
0622-01-058,Washington,Tartan Senior High,Oakdale,5-9,0-4,0-4,0-4
0833-01-075,Washington,Valley Crossing Elementary,Woodbury,0-4,0-4,0-4,0-4
4228-07-010,Washington,Woodbury Leadership Academy,Woodbury,5-9,0-4,0-4,0-4
0831-01-631,Washington,Wyoming Elementary,Wyoming,5-9,5-9,0-4,0-4
0846-01-030,Wilkin,Breckenridge Senior High,Breckenridge,0-4,5-9,0-4,0-4
0861-31-031,Winona,Cotter Schools (Jr/Sr),Winona,0-4,5-9,0-4,0-4
0857-01-030,Winona,Lewiston-Altura Secondary,Lewiston,5-9,10-19,5-9,0-4
0858-01-002,Winona,St. Charles Elementary,Saint Charles,5-9,0-4,0-4,0-4
0858-01-003,Winona,St. Charles Secondary,Saint Charles,10-19,0-4,0-4,0-4
0861-01-006,Winona,Winona Middle,Winona,5-9,0-4,0-4,0-4
0876-01-001,Wright,Annandale Elementary School,Annandale,10-19,20-29,5-9,0-4
0876-01-002,Wright,Annandale Middle School,Annandale,0-4,5-9,5-9,5-9
0876-01-003,Wright,Annandale Senior High,Annandale,5-9,0-4,0-4,0-4
0885-01-060,Wright,Big Woods Elementary,Saint Michael,10-19,0-4,0-4,0-4
0877-01-030,Wright,Buffalo Community Middle,Buffalo,5-9,5-9,0-4,0-4
0877-01-040,Wright,Buffalo Senior High,Buffalo,10-19,40-49,5-9,0-4
0466-01-001,Wright,Cokato Elementary,Cokato,5-9,0-4,0-4,0-4
0879-01-010,Wright,Delano Elementary,Delano,10-19,5-9,0-4,0-4
0879-01-020,Wright,Delano High School,Delano,20-29,10-19,0-4,0-4
0879-01-015,Wright,Delano Intermediate School,Delano,10-19,10-19,0-4,0-4
0877-01-070,Wright,Discovery Elementary,Buffalo,5-9,0-4,0-4,0-4
0885-01-070,Wright,Fieldstone Elementary School,Saint Michael,5-9,0-4,0-4,0-4
0877-01-020,Wright,Hanover Elementary,Hanover,0-4,10-19,0-4,0-4
2687-01-086,Wright,Howard Lake-Waverly-Winsted Middle School,Howard Lake,0-4,5-9,0-4,0-4
2687-01-002,Wright,Howard Lake-Waverly-Winsted Sec.,Howard Lake,5-9,5-9,0-4,0-4
0882-01-030,Wright,Monticello Middle,Monticello,0-4,5-9,0-4,0-4
0882-01-020,Wright,Monticello Senior High,Monticello,10-19,10-19,0-4,0-4
0877-01-050,Wright,Montrose Elementary School of Innovation,Montrose,0-4,5-9,0-4,0-4
0728-01-800,Wright,Otsego Elementary,Otsego,0-4,5-9,0-4,0-4
0728-01-180,Wright,Prairie View Elementary School,Otsego,30-39,10-19,0-4,0-4
0728-01-380,Wright,Prairie View Middle School,Otsego,10-19,5-9,0-4,0-4
0885-31-001,Wright,St. Michael Catholic School,Saint Michael,5-9,5-9,0-4,0-4
0885-01-030,Wright,St. Michael-Albertville Middle East,Saint Michael,20-29,10-19,0-4,0-4
0885-01-090,Wright,St. Michael-Albertville Middle West,Albertville,5-9,10-19,5-9,0-4
0885-01-020,Wright,St. Michael-Albertville Senior High,Saint Michael,5-9,10-19,10-19,5-9
2190-01-010,Yellow Medicine,Bert Raney Elementary School,Granite Falls,0-4,5-9,5-9,0-4
0891-01-020,Yellow Medicine,Canby Elementary,Canby,0-4,5-9,5-9,0-4
2190-01-022,Yellow Medicine,Yellow Medicine East High School,Granite Falls,0-4,5-9,0-4,0-4
2190-01-023,Yellow Medicine,Yellow Medicine East Middle School,Granite Falls,0-4,10-19,0-4,0-4
